Time,First Name,Last Name,Headline,Country/Region,Ticket Type,Level,Text,Reaction Count,Bio,Website,Linkedin,X,Company/Organization
2025-10-17T16:29:16-04:00,David,Nottingham,Sr. Business Process Consultant,United States,Free,top,Hello,0,"IT Professional in one way or another Since 1995. Spent 20 years helping to Launch Space shuttles. SN CSA - CIS x 2, and  ITIL 4 Master amongst a lot of other certs.  Using SN since Fuji!",,https://www.linkedin.com/in/davidwnottingham/,,GlideFast Consulting
2025-10-17T16:30:24-04:00,Jillian,Howell,ServiceNow Developer,,Free,top,Hello!,0,"I am a ServiceNow Developer at K2 Services and one of the co-coordinators for WomenNow. I focus on UI development, custom components, and workspace design where I create engaging, intuitive experiences in ServiceNow. I love sharing creative UI Builder techniques through community events, talks, and labs that inspire others to build with confidence.",,https://www.linkedin.com/in/jillianhowell/,,K2 Services
2025-10-17T16:30:27-04:00,Brent,Rarick,ServiceNow admin,United States,Free,top,Hello,0,ServiceNow,,,,Nationwide Children's Hospital
2025-10-17T16:30:27-04:00,Jillian,Howell,ServiceNow Developer,,Free,top,Yup,0,"I am a ServiceNow Developer at K2 Services and one of the co-coordinators for WomenNow. I focus on UI development, custom components, and workspace design where I create engaging, intuitive experiences in ServiceNow. I love sharing creative UI Builder techniques through community events, talks, and labs that inspire others to build with confidence.",,https://www.linkedin.com/in/jillianhowell/,,K2 Services
2025-10-17T16:30:28-04:00,David,Nottingham,Sr. Business Process Consultant,United States,Free,top,Yes you are good,0,"IT Professional in one way or another Since 1995. Spent 20 years helping to Launch Space shuttles. SN CSA - CIS x 2, and  ITIL 4 Master amongst a lot of other certs.  Using SN since Fuji!",,https://www.linkedin.com/in/davidwnottingham/,,GlideFast Consulting
2025-10-17T16:30:29-04:00,Vinod,Varkey,AVP,United States,Free,top,yes!,0,ServiceNow Champion,,https://www.linkedin.com/in/vinodvarkey/,,RWJBarnabas Health
2025-10-17T16:30:51-04:00,Lauren,Toomey,,United States,Free,top,Fan club!,2,,,,,GlideFast
2025-10-17T16:31:11-04:00,Kourtney,Brewster,Principal ServiceNow Architect,,Free,top,Been excited about this session all day!,0,,,http://linkedin.com/in/kourtneybrewster,,St Jude ChildrenÔøΩs Research Hospital
2025-10-17T16:31:27-04:00,Jace,Benson,It's me,United States,Free,top,Amazing!,0,I started on Servicenow in '07.  I create the things I want to exist.,https://getaiinabox.com,http://linkedin.com/in/jacebenson,,AI In A Box
2025-10-17T16:31:52-04:00,Jillian,Howell,ServiceNow Developer,,Free,top,So true lol,0,"I am a ServiceNow Developer at K2 Services and one of the co-coordinators for WomenNow. I focus on UI development, custom components, and workspace design where I create engaging, intuitive experiences in ServiceNow. I love sharing creative UI Builder techniques through community events, talks, and labs that inspire others to build with confidence.",,https://www.linkedin.com/in/jillianhowell/,,K2 Services
2025-10-17T16:33:07-04:00,David,Nottingham,Sr. Business Process Consultant,United States,Free,top,I abhor Other in any classification Schema,0,"IT Professional in one way or another Since 1995. Spent 20 years helping to Launch Space shuttles. SN CSA - CIS x 2, and  ITIL 4 Master amongst a lot of other certs.  Using SN since Fuji!",,https://www.linkedin.com/in/davidwnottingham/,,GlideFast Consulting
2025-10-17T16:33:10-04:00,Jerry,Wong,Product Owner,United Kingdom,Free,top,Hello,0,"As a dedicated Product Owner at the University of Birmingham, I am committed to elevating the ServiceNow Product's value for current and prospective students and staff members. My expertise bridges the gap between user needs and technological solutions, translating complex problems into actionable backlogs of user stories. ",,https://www.linkedin.com/in/jerry-wong-product-owner-servicenow/,,University of Birmingham
2025-10-17T16:35:42-04:00,Han,S,,United States,Free,top,hi,0,,,,,IH
2025-10-17T16:35:48-04:00,Jace,Benson,It's me,United States,Free,top,Getting customer input early and often is HUGE,3,I started on Servicenow in '07.  I create the things I want to exist.,https://getaiinabox.com,http://linkedin.com/in/jacebenson,,AI In A Box
2025-10-17T16:37:07-04:00,David,Nottingham,Sr. Business Process Consultant,United States,Free,top,This is a wonderful insight!,0,"IT Professional in one way or another Since 1995. Spent 20 years helping to Launch Space shuttles. SN CSA - CIS x 2, and  ITIL 4 Master amongst a lot of other certs.  Using SN since Fuji!",,https://www.linkedin.com/in/davidwnottingham/,,GlideFast Consulting
2025-10-17T16:37:35-04:00,David,Nottingham,Sr. Business Process Consultant,United States,Free,top,(Bottom Up Content linkage),0,"IT Professional in one way or another Since 1995. Spent 20 years helping to Launch Space shuttles. SN CSA - CIS x 2, and  ITIL 4 Master amongst a lot of other certs.  Using SN since Fuji!",,https://www.linkedin.com/in/davidwnottingham/,,GlideFast Consulting
2025-10-17T16:40:13-04:00,Lauren,Toomey,,United States,Free,top,Declutter: Ask if your topics/content spark joy ‚ú®,1,,,,,GlideFast
2025-10-17T16:42:18-04:00,Han,S,,United States,Free,top,oh yeah deploying those connected content,0,,,,,IH
2025-10-17T16:42:20-04:00,Kathy,Delbridge,ServiceNow Admin,United States,Free,top,we did start adding the connected content manually to the update set and it did carry over...just was a manual process...easier than moving the xml though,1,I am relatively new to ServiceNow.  Begin my journey in 2023 while planning my escape from 25 years in the mortgage industry in sales and operations.,,,,
"I am LOVING every minute of this journey so far. SO many people to thank along the way. Robert Fedoruk for one and my wife for helping me get an internship (thanks Dianne Kokotoff at Wellstar) that let to my more permanent gig now at QTS.,,https://www.linkedin.com/in/kathydelbridge/,,Completed,Wellstar Health,,,www.linkedin.com/in/kathydelbridge",,,,,,,,,,,,,
2025-10-17T16:42:33-04:00,David,Nottingham,Sr. Business Process Consultant,United States,Free,top,I understand some connected content features are coming....,0,"IT Professional in one way or another Since 1995. Spent 20 years helping to Launch Space shuttles. SN CSA - CIS x 2, and  ITIL 4 Master amongst a lot of other certs.  Using SN since Fuji!",,https://www.linkedin.com/in/davidwnottingham/,,GlideFast Consulting
2025-10-17T16:42:46-04:00,David,Nottingham,Sr. Business Process Consultant,United States,Free,top,e.g Better management,1,"IT Professional in one way or another Since 1995. Spent 20 years helping to Launch Space shuttles. SN CSA - CIS x 2, and  ITIL 4 Master amongst a lot of other certs.  Using SN since Fuji!",,https://www.linkedin.com/in/davidwnottingham/,,GlideFast Consulting
2025-10-17T16:42:52-04:00,Chris,Schuh,The ServiceNow Magician,,Free,top,I use a deployment plan template for this stuff to always remind me of what manual steps I have to manage,1,Connect with me on LinkedIn: https://www.linkedin.com/in/chris-schuh-servicenow-magician/,https://snowproconsultants.com/,https://www.linkedin.com/in/chris-schuh-servicenow-magician/,,"SNow Pro Consultants, Inc."
2025-10-17T16:44:28-04:00,Jerry,Wong,Product Owner,United Kingdom,Free,top,This is very useful,0,"As a dedicated Product Owner at the University of Birmingham, I am committed to elevating the ServiceNow Product's value for current and prospective students and staff members. My expertise bridges the gap between user needs and technological solutions, translating complex problems into actionable backlogs of user stories. ",,https://www.linkedin.com/in/jerry-wong-product-owner-servicenow/,,University of Birmingham
2025-10-17T16:44:38-04:00,Jeff,Limones,citrusflows.com,United States,Free,top,SN docs says to clone the default taxonomy,,,,,,
https://www.servicenow.com/docs/bundle/zurich-employee-service-management/page/product/employee-center/task/config-mega-menu.html,,,,,,,,,,,,,
To modify the default taxonomy," and then create new parent topics and their child topics.,1,From Chaos to Clarity: Architecting Scalable Taxonomies for Employee Center,Founder of Boutique ServiceNow Partner called CitrusFlows,http://citrusflows.com,,,Completed,CitrusFlows,C-Suite/Founder,ServiceNow Partner,",,,,,,,,,,,,
2025-10-17T16:45:17-04:00,Cory CJ,Wesley,Problem Solver,United States,Free,top,Preach!,0,Cohost of CJ & The Duke. Chief ServiceNow Evangelist (not a thing - but if it was - that's me)  ,,https://www.linkedin.com/in/cjwesley/,,TekVoyant
2025-10-17T16:45:18-04:00,Thomas,Bohan,"ServiceNow Platform Owner in Dublin, Ireland",Ireland,Free,top,What is Advanced Portal Navigation?,0,"Based in Dublin, Ireland",,https://www.linkedin.com/in/thomasbohan/,,Office of the Government Chief Information Officer (Ireland)
2025-10-17T16:45:44-04:00,Han,S,,United States,Free,reply,Help you to get the Get Support modal,0,,,,,IH
2025-10-17T16:45:59-04:00,Han,S,,United States,Free,reply,at least that's how I understand it,0,,,,,IH
2025-10-17T16:46:31-04:00,Tomas,Lozano,ServiceNow Advisor and CMA,Switzerland,Free,reply,it allows you to set the top menu - but be mindful to ensure you sync it with the taxonomy after changes..,0,"I work for Swisscom Business in large, complex client projects as Solution architect.",,https://www.linkedin.com/in/tomaslozano,,Swisscom (Schweiz) AG
2025-10-17T16:46:55-04:00,Tomas,Lozano,ServiceNow Advisor and CMA,Switzerland,Free,reply,With most clients i disable it tho as no-one remembers to sync it üôÇ,0,"I work for Swisscom Business in large, complex client projects as Solution architect.",,https://www.linkedin.com/in/tomaslozano,,Swisscom (Schweiz) AG
2025-10-17T16:46:59-04:00,Cecil,Mathew,Technical Consultant - HRSD,United States,Free,reply,It gives you fine grain control over how taxonomy and menu items show up in the mega menu,0,"5 years on the platform, majority HRSD, 20 years of background in HR Tech and HRIS, Learning and Talent Management. Chicagoan at heart, born and raised. ",,http://linkedin.com/in/cmathew,,ServiceNow
2025-10-17T16:45:23-04:00,Tomas,Lozano,ServiceNow Advisor and CMA,Switzerland,Free,top,Has anyone used Catalog Builder on a non-prod environment with an approval flow that creates approval tasks in prod?,0,"I work for Swisscom Business in large, complex client projects as Solution architect.",,https://www.linkedin.com/in/tomaslozano,,Swisscom (Schweiz) AG
2025-10-17T16:45:53-04:00,Cory CJ,Wesley,Problem Solver,United States,Free,top,Has anyone used Catalog Builder on a non-prod environment with an approval flow that creates approval tasks in prod?  üëÄü§Ø,0,Cohost of CJ & The Duke. Chief ServiceNow Evangelist (not a thing - but if it was - that's me)  ,,https://www.linkedin.com/in/cjwesley/,,TekVoyant
2025-10-17T16:46:00-04:00,Patrick,Rycraft,,United States,Free,top,Woooo,0,,,,,Lumen
2025-10-17T16:46:04-04:00,Jonah,Piascik,Sr. Systems Engineer,United States,Free,top,Great session...thank you!,0,ServiceNow - Epic - Oracle ERP - Data - Integrate All Things - It is the way...,,,,Connecticut Childrens
2025-10-17T16:46:06-04:00,Patrick,Rycraft,,United States,Free,top,Go Sarah! You Rock!,0,,,,,Lumen
2025-10-17T16:46:12-04:00,Jeff,Limones,citrusflows.com,United States,Free,top,üëè ,0,Founder of Boutique ServiceNow Partner called CitrusFlows,http://citrusflows.com,,,CitrusFlows
2025-10-17T16:46:14-04:00,Chris,Schuh,The ServiceNow Magician,,Free,top,"loved this presentation, thank you so much",0,Connect with me on LinkedIn: https://www.linkedin.com/in/chris-schuh-servicenow-magician/,https://snowproconsultants.com/,https://www.linkedin.com/in/chris-schuh-servicenow-magician/,,"SNow Pro Consultants, Inc."
2025-10-17T16:46:15-04:00,David,Nottingham,Sr. Business Process Consultant,United States,Free,top,Awesome!~,0,"IT Professional in one way or another Since 1995. Spent 20 years helping to Launch Space shuttles. SN CSA - CIS x 2, and  ITIL 4 Master amongst a lot of other certs.  Using SN since Fuji!",,https://www.linkedin.com/in/davidwnottingham/,,GlideFast Consulting
2025-10-17T16:46:18-04:00,Darren,Lau,,United States,Free,top,üëè ,0,,,,,Lawrence Livermore National Lab
2025-10-17T16:46:21-04:00,Simone,Williams,,United States,Free,top,Amazing session!,0,,,,,Jamf
2025-10-17T16:46:25-04:00,Jerry,Wong,Product Owner,United Kingdom,Free,top,üëè ,0,"As a dedicated Product Owner at the University of Birmingham, I am committed to elevating the ServiceNow Product's value for current and prospective students and staff members. My expertise bridges the gap between user needs and technological solutions, translating complex problems into actionable backlogs of user stories. ",,https://www.linkedin.com/in/jerry-wong-product-owner-servicenow/,,University of Birmingham
2025-10-17T16:46:25-04:00,Kathy,Delbridge,ServiceNow Admin,United States,Free,top,Excellent presentation,0,I am relatively new to ServiceNow.  Begin my journey in 2023 while planning my escape from 25 years in the mortgage industry in sales and operations.,,,,
"I am LOVING every minute of this journey so far. SO many people to thank along the way. Robert Fedoruk for one and my wife for helping me get an internship (thanks Dianne Kokotoff at Wellstar) that let to my more permanent gig now at QTS.,,https://www.linkedin.com/in/kathydelbridge/,,Completed,Wellstar Health,,,www.linkedin.com/in/kathydelbridge",,,,,,,,,,,,,
2025-10-17T16:46:36-04:00,Cheryll,Jarrett,Business Analyst/Business Process Consultant/Admin,United States,Free,top,at presentation,0,"With more than a decade of experience in operations and customer service, I had the opportunity to work with startups and Fortune 500 companies to ensure quality while implementing new training, policies, and procedures that lead to scaling out businesses. I am highly experienced in building processes in ambiguous environments. As an operational manager for process improvements, I have been able to support, lead a team, and create new b2b relationships to generate growth in hospitality, health and wellness, insurance, financial services, and construction management.",,https://www.linkedin.com/in/cherylljarrett,,No Company at this time
2025-10-17T16:46:39-04:00,Jillian,Howell,ServiceNow Developer,,Free,top,üëè ,0,"I am a ServiceNow Developer at K2 Services and one of the co-coordinators for WomenNow. I focus on UI development, custom components, and workspace design where I create engaging, intuitive experiences in ServiceNow. I love sharing creative UI Builder techniques through community events, talks, and labs that inspire others to build with confidence.",,https://www.linkedin.com/in/jillianhowell/,,K2 Services
2025-10-17T16:46:43-04:00,Mark,Laucus,Semi-Retired but still learning,United States,Free,top,Well Done.  Wish I had this session 2 yeears ago.  Learned the hard way,0,I have been using ServiceNow since 2009   I was focused on ITSM and some SPM and GRC.  I would rather be golfing but here to support the community and learning.,,https://www.linkedin.com/in/marklaucus/,http://x.com/MarkLaucus,Self Employed
2025-10-17T16:46:44-04:00,Thomas,Bohan,"ServiceNow Platform Owner in Dublin, Ireland",Ireland,Free,top,Thanks Sarah,0,"Based in Dublin, Ireland",,https://www.linkedin.com/in/thomasbohan/,,Office of the Government Chief Information Officer (Ireland)
2025-10-17T16:46:45-04:00,Jerry,Wong,Product Owner,United Kingdom,Free,top,Thank you Sarah,0,"As a dedicated Product Owner at the University of Birmingham, I am committed to elevating the ServiceNow Product's value for current and prospective students and staff members. My expertise bridges the gap between user needs and technological solutions, translating complex problems into actionable backlogs of user stories. ",,https://www.linkedin.com/in/jerry-wong-product-owner-servicenow/,,University of Birmingham
2025-10-17T16:46:53-04:00,Cheryll,Jarrett,Business Analyst/Business Process Consultant/Admin,United States,Free,top,Great presentation,0,"With more than a decade of experience in operations and customer service, I had the opportunity to work with startups and Fortune 500 companies to ensure quality while implementing new training, policies, and procedures that lead to scaling out businesses. I am highly experienced in building processes in ambiguous environments. As an operational manager for process improvements, I have been able to support, lead a team, and create new b2b relationships to generate growth in hospitality, health and wellness, insurance, financial services, and construction management.",,https://www.linkedin.com/in/cherylljarrett,,No Company at this time
2025-10-17T16:47:00-04:00,Han,S,,United States,Free,top,thanks,0,,,,,IH
2025-10-17T16:47:05-04:00,Sarah,Toulson,"Designer, Architect",United States,Free,top,Thank you everyone!!,0,,,/stoulson,,GlideFast Consulting